date,day_of_week,is_weekend,hall,meal_period,item_id,item_name,dietary_tags,starting_units,units_served,units_remaining,depletion_pct,depleted,depletion_time
2026-04-06,Monday,False,Marciano Commons,breakfast,MRC-001,Scrambled Eggs,"none,halal",340,221,119,0.65,False,
2026-04-06,Monday,False,Marciano Commons,breakfast,MRC-002,Veggie Omelette,vegetarian,255,214,41,0.839,False,
2026-04-06,Monday,False,Marciano Commons,breakfast,MRC-003,Turkey Sausage,halal,221,100,121,0.452,False,
2026-04-06,Monday,False,Marciano Commons,breakfast,MRC-004,Oatmeal Bar,"vegetarian,vegan",187,69,118,0.369,False,
2026-04-06,Monday,False,Marciano Commons,breakfast,MRC-005,Whole Wheat Toast,"vegetarian,vegan",187,29,158,0.155,False,
2026-04-06,Monday,False,Marciano Commons,breakfast,MRC-006,Blueberry Muffin,vegetarian,255,219,36,0.859,False,
2026-04-06,Monday,False,Marciano Commons,lunch,MRC-007,Grilled Chicken Wrap,halal,268,135,133,0.504,False,
2026-04-06,Monday,False,Marciano Commons,lunch,MRC-008,Beef Burger,none,412,201,211,0.488,False,
2026-04-06,Monday,False,Marciano Commons,lunch,MRC-009,Black Bean Burger,"vegetarian,vegan",226,86,140,0.381,False,
2026-04-06,Monday,False,Marciano Commons,lunch,MRC-010,Mixed Greens Bowl,"vegetarian,vegan,gluten_free",226,131,95,0.58,False,
2026-04-06,Monday,False,Marciano Commons,lunch,MRC-011,Chicken Tikka Masala,"halal,gluten_free",247,142,105,0.575,False,
2026-04-06,Monday,False,Marciano Commons,lunch,MRC-012,Dal Tadka,"vegetarian,vegan,gluten_free",226,191,35,0.845,False,
2026-04-06,Monday,False,Marciano Commons,lunch,MRC-013,Penne Arrabiata,"vegetarian,vegan",226,116,110,0.513,False,
2026-04-06,Monday,False,Marciano Commons,lunch,MRC-014,Mac & Cheese,vegetarian,309,244,65,0.79,False,
2026-04-06,Monday,False,Marciano Commons,lunch,MRC-018,Chocolate Cake,vegetarian,309,61,248,0.197,False,
2026-04-06,Monday,False,Marciano Commons,dinner,MRC-010,Mixed Greens Bowl,"vegetarian,vegan,gluten_free",228,148,80,0.649,False,
2026-04-06,Monday,False,Marciano Commons,dinner,MRC-011,Chicken Tikka Masala,"halal,gluten_free",249,124,125,0.498,False,
2026-04-06,Monday,False,Marciano Commons,dinner,MRC-013,Penne Arrabiata,"vegetarian,vegan",228,25,203,0.11,False,
2026-04-06,Monday,False,Marciano Commons,dinner,MRC-014,Mac & Cheese,vegetarian,312,145,167,0.465,False,
2026-04-06,Monday,False,Marciano Commons,dinner,MRC-015,Roast Chicken,"halal,gluten_free",249,91,158,0.365,False,
2026-04-06,Monday,False,Marciano Commons,dinner,MRC-016,Herb Roasted Salmon,gluten_free,291,175,116,0.601,False,
2026-04-06,Monday,False,Marciano Commons,dinner,MRC-017,Roasted Vegetables,"vegetarian,vegan,gluten_free",228,199,29,0.873,False,
2026-04-06,Monday,False,Marciano Commons,dinner,MRC-018,Chocolate Cake,vegetarian,312,303,9,0.971,True,20:32
2026-04-06,Monday,False,Warren Towers Dining,breakfast,WRN-001,Pancakes,vegetarian,226,210,16,0.929,True,09:54
2026-04-06,Monday,False,Warren Towers Dining,breakfast,WRN-002,Halal Chicken Sausage,halal,196,78,118,0.398,False,
2026-04-06,Monday,False,Warren Towers Dining,breakfast,WRN-003,Greek Yogurt Parfait,"vegetarian,gluten_free",226,80,146,0.354,False,
2026-04-06,Monday,False,Warren Towers Dining,lunch,WRN-005,Grilled Cheese,vegetarian,172,142,30,0.826,False,
2026-04-06,Monday,False,Warren Towers Dining,lunch,WRN-006,Halal Beef Patty Melt,halal,149,80,69,0.537,False,
2026-04-06,Monday,False,Warren Towers Dining,lunch,WRN-007,Tofu Stir Fry,"vegetarian,vegan,gluten_free",126,52,74,0.413,False,
2026-04-06,Monday,False,Warren Towers Dining,lunch,WRN-008,Lentil Soup,"vegetarian,vegan,gluten_free",126,63,63,0.5,False,
2026-04-06,Monday,False,Warren Towers Dining,lunch,WRN-009,Cheese Pizza,vegetarian,172,153,19,0.89,False,
2026-04-06,Monday,False,Warren Towers Dining,lunch,WRN-010,Vegan Margherita,"vegetarian,vegan",126,44,82,0.349,False,
2026-04-06,Monday,False,Warren Towers Dining,lunch,WRN-011,Chicken Tenders,none,229,210,19,0.917,False,
2026-04-06,Monday,False,Warren Towers Dining,lunch,WRN-012,Loaded Baked Potato,"vegetarian,gluten_free",172,155,17,0.901,False,
2026-04-06,Monday,False,Warren Towers Dining,dinner,WRN-007,Tofu Stir Fry,"vegetarian,vegan,gluten_free",118,72,46,0.61,False,
2026-04-06,Monday,False,Warren Towers Dining,dinner,WRN-008,Lentil Soup,"vegetarian,vegan,gluten_free",118,59,59,0.5,False,
2026-04-06,Monday,False,Warren Towers Dining,dinner,WRN-009,Cheese Pizza,vegetarian,161,66,95,0.41,False,
2026-04-06,Monday,False,Warren Towers Dining,dinner,WRN-010,Vegan Margherita,"vegetarian,vegan",118,116,2,0.983,True,20:40
2026-04-06,Monday,False,Warren Towers Dining,dinner,WRN-011,Chicken Tenders,none,214,149,65,0.696,False,
2026-04-06,Monday,False,Warren Towers Dining,dinner,WRN-012,Loaded Baked Potato,"vegetarian,gluten_free",161,68,93,0.422,False,
2026-04-06,Monday,False,Warren Towers Dining,dinner,WRN-013,Ice Cream Bar,vegetarian,161,94,67,0.584,False,
2026-04-06,Monday,False,West Campus Dining,breakfast,WST-001,Eggs Benedict,none,215,213,2,0.991,True,08:34
2026-04-06,Monday,False,West Campus Dining,breakfast,WST-002,Veggie Frittata,"vegetarian,gluten_free",161,70,91,0.435,False,
2026-04-06,Monday,False,West Campus Dining,breakfast,WST-003,Halal Turkey Bacon,halal,140,123,17,0.879,False,
2026-04-06,Monday,False,West Campus Dining,breakfast,WST-004,Avocado Toast,"vegetarian,vegan",118,100,18,0.847,False,
2026-04-06,Monday,False,West Campus Dining,lunch,WST-005,Falafel Bowl,"vegetarian,vegan",181,168,13,0.928,True,15:47
2026-04-06,Monday,False,West Campus Dining,lunch,WST-006,Halal Shawarma Bowl,"halal,gluten_free",198,117,81,0.591,False,
2026-04-06,Monday,False,West Campus Dining,lunch,WST-007,Brown Rice Buddha Bowl,"vegetarian,vegan,gluten_free",181,175,6,0.967,True,15:09
2026-04-06,Monday,False,West Campus Dining,lunch,WST-008,Classic Burger,none,330,51,279,0.155,False,
2026-04-06,Monday,False,West Campus Dining,lunch,WST-011,Sweet Potato Fries,"vegetarian,vegan,gluten_free",181,123,58,0.68,False,
2026-04-06,Monday,False,West Campus Dining,dinner,WST-005,Falafel Bowl,"vegetarian,vegan",115,49,66,0.426,False,
2026-04-06,Monday,False,West Campus Dining,dinner,WST-006,Halal Shawarma Bowl,"halal,gluten_free",125,40,85,0.32,False,
2026-04-06,Monday,False,West Campus Dining,dinner,WST-007,Brown Rice Buddha Bowl,"vegetarian,vegan,gluten_free",115,73,42,0.635,False,
2026-04-06,Monday,False,West Campus Dining,dinner,WST-009,Tomato Bisque,"vegetarian,vegan,gluten_free",115,73,42,0.635,False,
2026-04-06,Monday,False,West Campus Dining,dinner,WST-010,Grilled Salmon,gluten_free,146,141,5,0.966,True,19:35
2026-04-06,Monday,False,West Campus Dining,dinner,WST-011,Sweet Potato Fries,"vegetarian,vegan,gluten_free",115,88,27,0.765,False,
2026-04-06,Monday,False,West Campus Dining,dinner,WST-012,Fruit Crumble,vegetarian,157,57,100,0.363,False,
2026-04-06,Monday,False,Stuvi2 / towers,breakfast,STU-001,Breakfast Sandwich,none,249,233,16,0.936,True,09:30
2026-04-06,Monday,False,Stuvi2 / towers,breakfast,STU-002,Vegan Breakfast Wrap,"vegetarian,vegan",137,77,60,0.562,False,
2026-04-06,Monday,False,Stuvi2 / towers,breakfast,STU-003,Halal Omelette,halal,161,102,59,0.634,False,
2026-04-06,Monday,False,Stuvi2 / towers,lunch,STU-004,Greek Salad,"vegetarian,gluten_free",222,173,49,0.779,False,
2026-04-06,Monday,False,Stuvi2 / towers,lunch,STU-005,Halal Chicken Wrap,halal,192,80,112,0.417,False,
2026-04-06,Monday,False,Stuvi2 / towers,lunch,STU-006,Hummus & Veggie Wrap,"vegetarian,vegan",163,119,44,0.73,False,
2026-04-06,Monday,False,Stuvi2 / towers,lunch,STU-007,Pasta Primavera,"vegetarian,vegan",163,102,61,0.626,False,
2026-04-06,Monday,False,Stuvi2 / towers,lunch,STU-010,Steamed Broccoli,"vegetarian,vegan,gluten_free",163,45,118,0.276,False,
2026-04-06,Monday,False,Stuvi2 / towers,dinner,STU-007,Pasta Primavera,"vegetarian,vegan",133,79,54,0.594,False,
2026-04-06,Monday,False,Stuvi2 / towers,dinner,STU-008,Halal Beef Stew,"halal,gluten_free",145,29,116,0.2,False,
2026-04-06,Monday,False,Stuvi2 / towers,dinner,STU-009,Roasted Chicken Thigh,"halal,gluten_free",145,88,57,0.607,False,
2026-04-06,Monday,False,Stuvi2 / towers,dinner,STU-010,Steamed Broccoli,"vegetarian,vegan,gluten_free",133,95,38,0.714,False,
2026-04-06,Monday,False,Stuvi2 / towers,dinner,STU-011,Brownie,vegetarian,182,158,24,0.868,False,
2026-04-06,Monday,False,Sargent Choice Café,breakfast,SAR-002,Green Smoothie,"vegetarian,vegan,gluten_free",197,154,43,0.782,False,
2026-04-06,Monday,False,Sargent Choice Café,breakfast,SAR-003,Chia Pudding,"vegetarian,vegan,gluten_free",197,104,93,0.528,False,
2026-04-06,Monday,False,Sargent Choice Café,lunch,SAR-004,Quinoa Power Bowl,"vegetarian,vegan,gluten_free",197,108,89,0.548,False,
2026-04-06,Monday,False,Sargent Choice Café,lunch,SAR-005,Grilled Chicken Salad,"halal,gluten_free",215,55,160,0.256,False,
2026-04-06,Monday,False,Sargent Choice Café,lunch,SAR-006,Lentil & Kale Soup,"vegetarian,vegan,gluten_free",197,115,82,0.584,False,
2026-04-06,Monday,False,Sargent Choice Café,lunch,SAR-007,Turkey Avocado Wrap,none,358,260,98,0.726,False,
2026-04-06,Monday,False,Sargent Choice Café,dinner,SAR-006,Lentil & Kale Soup,"vegetarian,vegan,gluten_free",222,200,22,0.901,False,
2026-04-06,Monday,False,Sargent Choice Café,dinner,SAR-008,Salmon & Quinoa Bowl,gluten_free,283,184,99,0.65,False,
2026-04-06,Monday,False,Sargent Choice Café,dinner,SAR-009,Vegan Buddha Bowl,"vegetarian,vegan,gluten_free",222,94,128,0.423,False,
2026-04-07,Tuesday,False,Marciano Commons,breakfast,MRC-001,Scrambled Eggs,"none,halal",334,244,90,0.731,False,
2026-04-07,Tuesday,False,Marciano Commons,breakfast,MRC-002,Veggie Omelette,vegetarian,250,148,102,0.592,False,
2026-04-07,Tuesday,False,Marciano Commons,breakfast,MRC-003,Turkey Sausage,halal,217,176,41,0.811,False,
2026-04-07,Tuesday,False,Marciano Commons,breakfast,MRC-004,Oatmeal Bar,"vegetarian,vegan",183,99,84,0.541,False,
2026-04-07,Tuesday,False,Marciano Commons,breakfast,MRC-005,Whole Wheat Toast,"vegetarian,vegan",183,110,73,0.601,False,
2026-04-07,Tuesday,False,Marciano Commons,breakfast,MRC-006,Blueberry Muffin,vegetarian,250,142,108,0.568,False,
2026-04-07,Tuesday,False,Marciano Commons,lunch,MRC-007,Grilled Chicken Wrap,halal,257,169,88,0.658,False,
2026-04-07,Tuesday,False,Marciano Commons,lunch,MRC-008,Beef Burger,none,395,241,154,0.61,False,
2026-04-07,Tuesday,False,Marciano Commons,lunch,MRC-009,Black Bean Burger,"vegetarian,vegan",217,160,57,0.737,False,
2026-04-07,Tuesday,False,Marciano Commons,lunch,MRC-010,Mixed Greens Bowl,"vegetarian,vegan,gluten_free",217,56,161,0.258,False,
2026-04-07,Tuesday,False,Marciano Commons,lunch,MRC-011,Chicken Tikka Masala,"halal,gluten_free",237,138,99,0.582,False,
2026-04-07,Tuesday,False,Marciano Commons,lunch,MRC-012,Dal Tadka,"vegetarian,vegan,gluten_free",217,135,82,0.622,False,
2026-04-07,Tuesday,False,Marciano Commons,lunch,MRC-013,Penne Arrabiata,"vegetarian,vegan",217,208,9,0.959,True,15:55
2026-04-07,Tuesday,False,Marciano Commons,lunch,MRC-014,Mac & Cheese,vegetarian,296,60,236,0.203,False,
2026-04-07,Tuesday,False,Marciano Commons,lunch,MRC-018,Chocolate Cake,vegetarian,296,241,55,0.814,False,
2026-04-07,Tuesday,False,Marciano Commons,dinner,MRC-010,Mixed Greens Bowl,"vegetarian,vegan,gluten_free",205,141,64,0.688,False,
2026-04-07,Tuesday,False,Marciano Commons,dinner,MRC-011,Chicken Tikka Masala,"halal,gluten_free",224,128,96,0.571,False,
2026-04-07,Tuesday,False,Marciano Commons,dinner,MRC-012,Dal Tadka,"vegetarian,vegan,gluten_free",205,138,67,0.673,False,
2026-04-07,Tuesday,False,Marciano Commons,dinner,MRC-013,Penne Arrabiata,"vegetarian,vegan",205,184,21,0.898,False,
2026-04-07,Tuesday,False,Marciano Commons,dinner,MRC-014,Mac & Cheese,vegetarian,280,135,145,0.482,False,
2026-04-07,Tuesday,False,Marciano Commons,dinner,MRC-015,Roast Chicken,"halal,gluten_free",224,49,175,0.219,False,
2026-04-07,Tuesday,False,Marciano Commons,dinner,MRC-016,Herb Roasted Salmon,gluten_free,261,176,85,0.674,False,
2026-04-07,Tuesday,False,Marciano Commons,dinner,MRC-017,Roasted Vegetables,"vegetarian,vegan,gluten_free",205,167,38,0.815,False,
2026-04-07,Tuesday,False,Marciano Commons,dinner,MRC-018,Chocolate Cake,vegetarian,280,171,109,0.611,False,
2026-04-07,Tuesday,False,Warren Towers Dining,breakfast,WRN-001,Pancakes,vegetarian,172,116,56,0.674,False,
2026-04-07,Tuesday,False,Warren Towers Dining,breakfast,WRN-002,Halal Chicken Sausage,halal,149,129,20,0.866,False,
2026-04-07,Tuesday,False,Warren Towers Dining,breakfast,WRN-003,Greek Yogurt Parfait,"vegetarian,gluten_free",172,115,57,0.669,False,
2026-04-07,Tuesday,False,Warren Towers Dining,breakfast,WRN-004,Granola Bowl,"vegetarian,vegan",126,63,63,0.5,False,
2026-04-07,Tuesday,False,Warren Towers Dining,lunch,WRN-005,Grilled Cheese,vegetarian,170,165,5,0.971,True,15:40
2026-04-07,Tuesday,False,Warren Towers Dining,lunch,WRN-006,Halal Beef Patty Melt,halal,148,107,41,0.723,False,
2026-04-07,Tuesday,False,Warren Towers Dining,lunch,WRN-007,Tofu Stir Fry,"vegetarian,vegan,gluten_free",125,77,48,0.616,False,
2026-04-07,Tuesday,False,Warren Towers Dining,lunch,WRN-008,Lentil Soup,"vegetarian,vegan,gluten_free",125,24,101,0.192,False,
2026-04-07,Tuesday,False,Warren Towers Dining,lunch,WRN-009,Cheese Pizza,vegetarian,170,146,24,0.859,False,
2026-04-07,Tuesday,False,Warren Towers Dining,lunch,WRN-010,Vegan Margherita,"vegetarian,vegan",125,45,80,0.36,False,
2026-04-07,Tuesday,False,Warren Towers Dining,lunch,WRN-011,Chicken Tenders,none,227,203,24,0.894,False,
2026-04-07,Tuesday,False,Warren Towers Dining,lunch,WRN-012,Loaded Baked Potato,"vegetarian,gluten_free",170,147,23,0.865,False,
2026-04-07,Tuesday,False,Warren Towers Dining,dinner,WRN-007,Tofu Stir Fry,"vegetarian,vegan,gluten_free",139,108,31,0.777,False,
2026-04-07,Tuesday,False,Warren Towers Dining,dinner,WRN-008,Lentil Soup,"vegetarian,vegan,gluten_free",139,53,86,0.381,False,
2026-04-07,Tuesday,False,Warren Towers Dining,dinner,WRN-009,Cheese Pizza,vegetarian,190,65,125,0.342,False,
2026-04-07,Tuesday,False,Warren Towers Dining,dinner,WRN-011,Chicken Tenders,none,253,176,77,0.696,False,
2026-04-07,Tuesday,False,Warren Towers Dining,dinner,WRN-012,Loaded Baked Potato,"vegetarian,gluten_free",190,137,53,0.721,False,
2026-04-07,Tuesday,False,Warren Towers Dining,dinner,WRN-013,Ice Cream Bar,vegetarian,190,40,150,0.211,False,
2026-04-07,Tuesday,False,West Campus Dining,breakfast,WST-001,Eggs Benedict,none,235,157,78,0.668,False,
2026-04-07,Tuesday,False,West Campus Dining,breakfast,WST-002,Veggie Frittata,"vegetarian,gluten_free",176,43,133,0.244,False,
2026-04-07,Tuesday,False,West Campus Dining,breakfast,WST-003,Halal Turkey Bacon,halal,152,75,77,0.493,False,
2026-04-07,Tuesday,False,West Campus Dining,breakfast,WST-004,Avocado Toast,"vegetarian,vegan",129,88,41,0.682,False,
2026-04-07,Tuesday,False,West Campus Dining,lunch,WST-005,Falafel Bowl,"vegetarian,vegan",184,46,138,0.25,False,
2026-04-07,Tuesday,False,West Campus Dining,lunch,WST-006,Halal Shawarma Bowl,"halal,gluten_free",201,77,124,0.383,False,
2026-04-07,Tuesday,False,West Campus Dining,lunch,WST-007,Brown Rice Buddha Bowl,"vegetarian,vegan,gluten_free",184,98,86,0.533,False,
2026-04-07,Tuesday,False,West Campus Dining,lunch,WST-009,Tomato Bisque,"vegetarian,vegan,gluten_free",184,128,56,0.696,False,
2026-04-07,Tuesday,False,West Campus Dining,lunch,WST-011,Sweet Potato Fries,"vegetarian,vegan,gluten_free",184,108,76,0.587,False,
2026-04-07,Tuesday,False,West Campus Dining,dinner,WST-005,Falafel Bowl,"vegetarian,vegan",112,37,75,0.33,False,
2026-04-07,Tuesday,False,West Campus Dining,dinner,WST-006,Halal Shawarma Bowl,"halal,gluten_free",122,80,42,0.656,False,
2026-04-07,Tuesday,False,West Campus Dining,dinner,WST-007,Brown Rice Buddha Bowl,"vegetarian,vegan,gluten_free",112,82,30,0.732,False,
2026-04-07,Tuesday,False,West Campus Dining,dinner,WST-009,Tomato Bisque,"vegetarian,vegan,gluten_free",112,51,61,0.455,False,
2026-04-07,Tuesday,False,West Campus Dining,dinner,WST-010,Grilled Salmon,gluten_free,143,96,47,0.671,False,
2026-04-07,Tuesday,False,West Campus Dining,dinner,WST-011,Sweet Potato Fries,"vegetarian,vegan,gluten_free",112,77,35,0.688,False,
2026-04-07,Tuesday,False,West Campus Dining,dinner,WST-012,Fruit Crumble,vegetarian,153,92,61,0.601,False,
2026-04-07,Tuesday,False,Stuvi2 / towers,breakfast,STU-001,Breakfast Sandwich,none,248,162,86,0.653,False,
2026-04-07,Tuesday,False,Stuvi2 / towers,breakfast,STU-002,Vegan Breakfast Wrap,"vegetarian,vegan",136,34,102,0.25,False,
2026-04-07,Tuesday,False,Stuvi2 / towers,breakfast,STU-003,Halal Omelette,halal,161,129,32,0.801,False,
2026-04-07,Tuesday,False,Stuvi2 / towers,lunch,STU-004,Greek Salad,"vegetarian,gluten_free",241,148,93,0.614,False,
2026-04-07,Tuesday,False,Stuvi2 / towers,lunch,STU-006,Hummus & Veggie Wrap,"vegetarian,vegan",176,92,84,0.523,False,
2026-04-07,Tuesday,False,Stuvi2 / towers,lunch,STU-007,Pasta Primavera,"vegetarian,vegan",176,169,7,0.96,True,14:39
2026-04-07,Tuesday,False,Stuvi2 / towers,lunch,STU-010,Steamed Broccoli,"vegetarian,vegan,gluten_free",176,144,32,0.818,False,
2026-04-07,Tuesday,False,Stuvi2 / towers,lunch,STU-011,Brownie,vegetarian,241,220,21,0.913,False,
2026-04-07,Tuesday,False,Stuvi2 / towers,dinner,STU-007,Pasta Primavera,"vegetarian,vegan",141,64,77,0.454,False,
2026-04-07,Tuesday,False,Stuvi2 / towers,dinner,STU-008,Halal Beef Stew,"halal,gluten_free",154,122,32,0.792,False,
2026-04-07,Tuesday,False,Stuvi2 / towers,dinner,STU-009,Roasted Chicken Thigh,"halal,gluten_free",154,141,13,0.916,False,
2026-04-07,Tuesday,False,Stuvi2 / towers,dinner,STU-010,Steamed Broccoli,"vegetarian,vegan,gluten_free",141,71,70,0.504,False,
2026-04-07,Tuesday,False,Stuvi2 / towers,dinner,STU-011,Brownie,vegetarian,193,90,103,0.466,False,
2026-04-07,Tuesday,False,Sargent Choice Café,breakfast,SAR-001,Acai Bowl,"vegetarian,vegan,gluten_free",135,115,20,0.852,False,
2026-04-07,Tuesday,False,Sargent Choice Café,breakfast,SAR-002,Green Smoothie,"vegetarian,vegan,gluten_free",135,129,6,0.956,True,08:12
2026-04-07,Tuesday,False,Sargent Choice Café,breakfast,SAR-003,Chia Pudding,"vegetarian,vegan,gluten_free",135,77,58,0.57,False,
2026-04-07,Tuesday,False,Sargent Choice Café,lunch,SAR-004,Quinoa Power Bowl,"vegetarian,vegan,gluten_free",262,203,59,0.775,False,
2026-04-07,Tuesday,False,Sargent Choice Café,lunch,SAR-006,Lentil & Kale Soup,"vegetarian,vegan,gluten_free",262,110,152,0.42,False,
2026-04-07,Tuesday,False,Sargent Choice Café,lunch,SAR-007,Turkey Avocado Wrap,none,476,349,127,0.733,False,
2026-04-07,Tuesday,False,Sargent Choice Café,dinner,SAR-006,Lentil & Kale Soup,"vegetarian,vegan,gluten_free",163,155,8,0.951,True,19:51
2026-04-07,Tuesday,False,Sargent Choice Café,dinner,SAR-008,Salmon & Quinoa Bowl,gluten_free,207,115,92,0.556,False,
2026-04-07,Tuesday,False,Sargent Choice Café,dinner,SAR-009,Vegan Buddha Bowl,"vegetarian,vegan,gluten_free",163,55,108,0.337,False,
2026-04-07,Tuesday,False,Sargent Choice Café,dinner,SAR-010,Halal Grilled Chicken Bowl,"halal,gluten_free",177,145,32,0.819,False,
2026-04-08,Wednesday,False,Marciano Commons,breakfast,MRC-001,Scrambled Eggs,"none,halal",405,391,14,0.965,True,09:23
2026-04-08,Wednesday,False,Marciano Commons,breakfast,MRC-002,Veggie Omelette,vegetarian,304,117,187,0.385,False,
2026-04-08,Wednesday,False,Marciano Commons,breakfast,MRC-003,Turkey Sausage,halal,263,245,18,0.932,True,09:24
2026-04-08,Wednesday,False,Marciano Commons,breakfast,MRC-004,Oatmeal Bar,"vegetarian,vegan",223,187,36,0.839,False,
2026-04-08,Wednesday,False,Marciano Commons,breakfast,MRC-005,Whole Wheat Toast,"vegetarian,vegan",223,95,128,0.426,False,
2026-04-08,Wednesday,False,Marciano Commons,lunch,MRC-007,Grilled Chicken Wrap,halal,254,174,80,0.685,False,
2026-04-08,Wednesday,False,Marciano Commons,lunch,MRC-008,Beef Burger,none,390,176,214,0.451,False,
2026-04-08,Wednesday,False,Marciano Commons,lunch,MRC-009,Black Bean Burger,"vegetarian,vegan",214,136,78,0.636,False,
2026-04-08,Wednesday,False,Marciano Commons,lunch,MRC-010,Mixed Greens Bowl,"vegetarian,vegan,gluten_free",214,174,40,0.813,False,
2026-04-08,Wednesday,False,Marciano Commons,lunch,MRC-011,Chicken Tikka Masala,"halal,gluten_free",234,109,125,0.466,False,
2026-04-08,Wednesday,False,Marciano Commons,lunch,MRC-012,Dal Tadka,"vegetarian,vegan,gluten_free",214,156,58,0.729,False,
2026-04-08,Wednesday,False,Marciano Commons,lunch,MRC-013,Penne Arrabiata,"vegetarian,vegan",214,99,115,0.463,False,
2026-04-08,Wednesday,False,Marciano Commons,lunch,MRC-014,Mac & Cheese,vegetarian,293,288,5,0.983,True,14:00
2026-04-08,Wednesday,False,Marciano Commons,lunch,MRC-018,Chocolate Cake,vegetarian,293,202,91,0.689,False,
2026-04-08,Wednesday,False,Marciano Commons,dinner,MRC-010,Mixed Greens Bowl,"vegetarian,vegan,gluten_free",202,167,35,0.827,False,
2026-04-08,Wednesday,False,Marciano Commons,dinner,MRC-011,Chicken Tikka Masala,"halal,gluten_free",220,25,195,0.114,False,
2026-04-08,Wednesday,False,Marciano Commons,dinner,MRC-012,Dal Tadka,"vegetarian,vegan,gluten_free",202,155,47,0.767,False,
2026-04-08,Wednesday,False,Marciano Commons,dinner,MRC-013,Penne Arrabiata,"vegetarian,vegan",202,25,177,0.124,False,
2026-04-08,Wednesday,False,Marciano Commons,dinner,MRC-014,Mac & Cheese,vegetarian,276,15,261,0.054,False,
2026-04-08,Wednesday,False,Marciano Commons,dinner,MRC-015,Roast Chicken,"halal,gluten_free",220,94,126,0.427,False,
2026-04-08,Wednesday,False,Marciano Commons,dinner,MRC-016,Herb Roasted Salmon,gluten_free,257,99,158,0.385,False,
2026-04-08,Wednesday,False,Marciano Commons,dinner,MRC-017,Roasted Vegetables,"vegetarian,vegan,gluten_free",202,97,105,0.48,False,
2026-04-08,Wednesday,False,Marciano Commons,dinner,MRC-018,Chocolate Cake,vegetarian,276,248,28,0.899,False,
2026-04-08,Wednesday,False,Warren Towers Dining,breakfast,WRN-001,Pancakes,vegetarian,180,173,7,0.961,True,09:11
2026-04-08,Wednesday,False,Warren Towers Dining,breakfast,WRN-002,Halal Chicken Sausage,halal,156,22,134,0.141,False,
2026-04-08,Wednesday,False,Warren Towers Dining,breakfast,WRN-003,Greek Yogurt Parfait,"vegetarian,gluten_free",180,111,69,0.617,False,
2026-04-08,Wednesday,False,Warren Towers Dining,breakfast,WRN-004,Granola Bowl,"vegetarian,vegan",132,125,7,0.947,True,08:02
2026-04-08,Wednesday,False,Warren Towers Dining,lunch,WRN-005,Grilled Cheese,vegetarian,197,39,158,0.198,False,
2026-04-08,Wednesday,False,Warren Towers Dining,lunch,WRN-006,Halal Beef Patty Melt,halal,171,93,78,0.544,False,
2026-04-08,Wednesday,False,Warren Towers Dining,lunch,WRN-007,Tofu Stir Fry,"vegetarian,vegan,gluten_free",145,95,50,0.655,False,
2026-04-08,Wednesday,False,Warren Towers Dining,lunch,WRN-008,Lentil Soup,"vegetarian,vegan,gluten_free",145,117,28,0.807,False,
2026-04-08,Wednesday,False,Warren Towers Dining,lunch,WRN-009,Cheese Pizza,vegetarian,197,83,114,0.421,False,
2026-04-08,Wednesday,False,Warren Towers Dining,lunch,WRN-010,Vegan Margherita,"vegetarian,vegan",145,100,45,0.69,False,
2026-04-08,Wednesday,False,Warren Towers Dining,lunch,WRN-012,Loaded Baked Potato,"vegetarian,gluten_free",197,128,69,0.65,False,
2026-04-08,Wednesday,False,Warren Towers Dining,dinner,WRN-007,Tofu Stir Fry,"vegetarian,vegan,gluten_free",118,113,5,0.958,True,20:47
2026-04-08,Wednesday,False,Warren Towers Dining,dinner,WRN-008,Lentil Soup,"vegetarian,vegan,gluten_free",118,79,39,0.669,False,
2026-04-08,Wednesday,False,Warren Towers Dining,dinner,WRN-009,Cheese Pizza,vegetarian,161,135,26,0.839,False,
2026-04-08,Wednesday,False,Warren Towers Dining,dinner,WRN-010,Vegan Margherita,"vegetarian,vegan",118,15,103,0.127,False,
2026-04-08,Wednesday,False,Warren Towers Dining,dinner,WRN-011,Chicken Tenders,none,215,176,39,0.819,False,
2026-04-08,Wednesday,False,Warren Towers Dining,dinner,WRN-012,Loaded Baked Potato,"vegetarian,gluten_free",161,69,92,0.429,False,
2026-04-08,Wednesday,False,Warren Towers Dining,dinner,WRN-013,Ice Cream Bar,vegetarian,161,82,79,0.509,False,
2026-04-08,Wednesday,False,West Campus Dining,breakfast,WST-001,Eggs Benedict,none,210,156,54,0.743,False,
2026-04-08,Wednesday,False,West Campus Dining,breakfast,WST-002,Veggie Frittata,"vegetarian,gluten_free",157,108,49,0.688,False,
2026-04-08,Wednesday,False,West Campus Dining,breakfast,WST-003,Halal Turkey Bacon,halal,136,44,92,0.324,False,
2026-04-08,Wednesday,False,West Campus Dining,breakfast,WST-004,Avocado Toast,"vegetarian,vegan",115,85,30,0.739,False,
2026-04-08,Wednesday,False,West Campus Dining,lunch,WST-005,Falafel Bowl,"vegetarian,vegan",160,85,75,0.531,False,
2026-04-08,Wednesday,False,West Campus Dining,lunch,WST-006,Halal Shawarma Bowl,"halal,gluten_free",174,89,85,0.511,False,
2026-04-08,Wednesday,False,West Campus Dining,lunch,WST-007,Brown Rice Buddha Bowl,"vegetarian,vegan,gluten_free",160,125,35,0.781,False,
2026-04-08,Wednesday,False,West Campus Dining,lunch,WST-008,Classic Burger,none,291,127,164,0.436,False,
2026-04-08,Wednesday,False,West Campus Dining,lunch,WST-009,Tomato Bisque,"vegetarian,vegan,gluten_free",160,136,24,0.85,False,
2026-04-08,Wednesday,False,West Campus Dining,lunch,WST-011,Sweet Potato Fries,"vegetarian,vegan,gluten_free",160,137,23,0.856,False,
2026-04-08,Wednesday,False,West Campus Dining,dinner,WST-005,Falafel Bowl,"vegetarian,vegan",132,32,100,0.242,False,
2026-04-08,Wednesday,False,West Campus Dining,dinner,WST-006,Halal Shawarma Bowl,"halal,gluten_free",144,96,48,0.667,False,
2026-04-08,Wednesday,False,West Campus Dining,dinner,WST-007,Brown Rice Buddha Bowl,"vegetarian,vegan,gluten_free",132,47,85,0.356,False,
2026-04-08,Wednesday,False,West Campus Dining,dinner,WST-010,Grilled Salmon,gluten_free,168,106,62,0.631,False,
2026-04-08,Wednesday,False,West Campus Dining,dinner,WST-011,Sweet Potato Fries,"vegetarian,vegan,gluten_free",132,117,15,0.886,False,
2026-04-08,Wednesday,False,West Campus Dining,dinner,WST-012,Fruit Crumble,vegetarian,180,169,11,0.939,True,20:12
2026-04-08,Wednesday,False,Stuvi2 / towers,breakfast,STU-001,Breakfast Sandwich,none,263,37,226,0.141,False,
2026-04-08,Wednesday,False,Stuvi2 / towers,breakfast,STU-002,Vegan Breakfast Wrap,"vegetarian,vegan",145,131,14,0.903,False,
2026-04-08,Wednesday,False,Stuvi2 / towers,breakfast,STU-003,Halal Omelette,halal,171,128,43,0.749,False,
2026-04-08,Wednesday,False,Stuvi2 / towers,lunch,STU-004,Greek Salad,"vegetarian,gluten_free",220,185,35,0.841,False,
2026-04-08,Wednesday,False,Stuvi2 / towers,lunch,STU-005,Halal Chicken Wrap,halal,190,64,126,0.337,False,
2026-04-08,Wednesday,False,Stuvi2 / towers,lunch,STU-006,Hummus & Veggie Wrap,"vegetarian,vegan",161,138,23,0.857,False,
2026-04-08,Wednesday,False,Stuvi2 / towers,lunch,STU-007,Pasta Primavera,"vegetarian,vegan",161,119,42,0.739,False,
2026-04-08,Wednesday,False,Stuvi2 / towers,lunch,STU-010,Steamed Broccoli,"vegetarian,vegan,gluten_free",161,93,68,0.578,False,
2026-04-08,Wednesday,False,Stuvi2 / towers,dinner,STU-007,Pasta Primavera,"vegetarian,vegan",141,84,57,0.596,False,
2026-04-08,Wednesday,False,Stuvi2 / towers,dinner,STU-008,Halal Beef Stew,"halal,gluten_free",153,94,59,0.614,False,
2026-04-08,Wednesday,False,Stuvi2 / towers,dinner,STU-009,Roasted Chicken Thigh,"halal,gluten_free",153,149,4,0.974,True,20:45
2026-04-08,Wednesday,False,Stuvi2 / towers,dinner,STU-010,Steamed Broccoli,"vegetarian,vegan,gluten_free",141,84,57,0.596,False,
2026-04-08,Wednesday,False,Stuvi2 / towers,dinner,STU-011,Brownie,vegetarian,192,87,105,0.453,False,
2026-04-08,Wednesday,False,Sargent Choice Café,breakfast,SAR-001,Acai Bowl,"vegetarian,vegan,gluten_free",143,49,94,0.343,False,
2026-04-08,Wednesday,False,Sargent Choice Café,breakfast,SAR-002,Green Smoothie,"vegetarian,vegan,gluten_free",143,19,124,0.133,False,
2026-04-08,Wednesday,False,Sargent Choice Café,breakfast,SAR-003,Chia Pudding,"vegetarian,vegan,gluten_free",143,63,80,0.441,False,
2026-04-08,Wednesday,False,Sargent Choice Café,lunch,SAR-004,Quinoa Power Bowl,"vegetarian,vegan,gluten_free",202,180,22,0.891,False,
2026-04-08,Wednesday,False,Sargent Choice Café,lunch,SAR-005,Grilled Chicken Salad,"halal,gluten_free",221,122,99,0.552,False,
2026-04-08,Wednesday,False,Sargent Choice Café,lunch,SAR-006,Lentil & Kale Soup,"vegetarian,vegan,gluten_free",202,197,5,0.975,True,15:17
2026-04-08,Wednesday,False,Sargent Choice Café,lunch,SAR-007,Turkey Avocado Wrap,none,368,307,61,0.834,False,
2026-04-08,Wednesday,False,Sargent Choice Café,dinner,SAR-006,Lentil & Kale Soup,"vegetarian,vegan,gluten_free",163,119,44,0.73,False,
2026-04-08,Wednesday,False,Sargent Choice Café,dinner,SAR-008,Salmon & Quinoa Bowl,gluten_free,207,160,47,0.773,False,
2026-04-08,Wednesday,False,Sargent Choice Café,dinner,SAR-009,Vegan Buddha Bowl,"vegetarian,vegan,gluten_free",163,143,20,0.877,False,
2026-04-08,Wednesday,False,Sargent Choice Café,dinner,SAR-010,Halal Grilled Chicken Bowl,"halal,gluten_free",178,89,89,0.5,False,
2026-04-09,Thursday,False,Marciano Commons,breakfast,MRC-001,Scrambled Eggs,"none,halal",421,158,263,0.375,False,
2026-04-09,Thursday,False,Marciano Commons,breakfast,MRC-002,Veggie Omelette,vegetarian,315,280,35,0.889,False,
2026-04-09,Thursday,False,Marciano Commons,breakfast,MRC-003,Turkey Sausage,halal,273,196,77,0.718,False,
2026-04-09,Thursday,False,Marciano Commons,breakfast,MRC-005,Whole Wheat Toast,"vegetarian,vegan",231,179,52,0.775,False,
2026-04-09,Thursday,False,Marciano Commons,breakfast,MRC-006,Blueberry Muffin,vegetarian,315,56,259,0.178,False,
2026-04-09,Thursday,False,Marciano Commons,lunch,MRC-007,Grilled Chicken Wrap,halal,296,260,36,0.878,False,
2026-04-09,Thursday,False,Marciano Commons,lunch,MRC-008,Beef Burger,none,455,191,264,0.42,False,
2026-04-09,Thursday,False,Marciano Commons,lunch,MRC-009,Black Bean Burger,"vegetarian,vegan",250,219,31,0.876,False,
2026-04-09,Thursday,False,Marciano Commons,lunch,MRC-010,Mixed Greens Bowl,"vegetarian,vegan,gluten_free",250,238,12,0.952,True,14:27
2026-04-09,Thursday,False,Marciano Commons,lunch,MRC-011,Chicken Tikka Masala,"halal,gluten_free",273,207,66,0.758,False,
2026-04-09,Thursday,False,Marciano Commons,lunch,MRC-012,Dal Tadka,"vegetarian,vegan,gluten_free",250,175,75,0.7,False,
2026-04-09,Thursday,False,Marciano Commons,lunch,MRC-013,Penne Arrabiata,"vegetarian,vegan",250,114,136,0.456,False,
2026-04-09,Thursday,False,Marciano Commons,lunch,MRC-014,Mac & Cheese,vegetarian,341,200,141,0.587,False,
2026-04-09,Thursday,False,Marciano Commons,dinner,MRC-011,Chicken Tikka Masala,"halal,gluten_free",286,283,3,0.99,True,20:03
2026-04-09,Thursday,False,Marciano Commons,dinner,MRC-013,Penne Arrabiata,"vegetarian,vegan",262,234,28,0.893,False,
2026-04-09,Thursday,False,Marciano Commons,dinner,MRC-014,Mac & Cheese,vegetarian,357,155,202,0.434,False,
2026-04-09,Thursday,False,Marciano Commons,dinner,MRC-015,Roast Chicken,"halal,gluten_free",286,229,57,0.801,False,
2026-04-09,Thursday,False,Marciano Commons,dinner,MRC-016,Herb Roasted Salmon,gluten_free,333,267,66,0.802,False,
2026-04-09,Thursday,False,Marciano Commons,dinner,MRC-017,Roasted Vegetables,"vegetarian,vegan,gluten_free",262,98,164,0.374,False,
2026-04-09,Thursday,False,Marciano Commons,dinner,MRC-018,Chocolate Cake,vegetarian,357,261,96,0.731,False,
2026-04-09,Thursday,False,Warren Towers Dining,breakfast,WRN-001,Pancakes,vegetarian,241,184,57,0.763,False,
2026-04-09,Thursday,False,Warren Towers Dining,breakfast,WRN-003,Greek Yogurt Parfait,"vegetarian,gluten_free",241,135,106,0.56,False,
2026-04-09,Thursday,False,Warren Towers Dining,breakfast,WRN-004,Granola Bowl,"vegetarian,vegan",177,156,21,0.881,False,
2026-04-09,Thursday,False,Warren Towers Dining,lunch,WRN-005,Grilled Cheese,vegetarian,195,147,48,0.754,False,
2026-04-09,Thursday,False,Warren Towers Dining,lunch,WRN-006,Halal Beef Patty Melt,halal,169,119,50,0.704,False,
2026-04-09,Thursday,False,Warren Towers Dining,lunch,WRN-007,Tofu Stir Fry,"vegetarian,vegan,gluten_free",143,102,41,0.713,False,
2026-04-09,Thursday,False,Warren Towers Dining,lunch,WRN-009,Cheese Pizza,vegetarian,195,171,24,0.877,False,
2026-04-09,Thursday,False,Warren Towers Dining,lunch,WRN-010,Vegan Margherita,"vegetarian,vegan",143,68,75,0.476,False,
2026-04-09,Thursday,False,Warren Towers Dining,lunch,WRN-011,Chicken Tenders,none,260,173,87,0.665,False,
2026-04-09,Thursday,False,Warren Towers Dining,lunch,WRN-012,Loaded Baked Potato,"vegetarian,gluten_free",195,144,51,0.738,False,
2026-04-09,Thursday,False,Warren Towers Dining,dinner,WRN-008,Lentil Soup,"vegetarian,vegan,gluten_free",139,102,37,0.734,False,
2026-04-09,Thursday,False,Warren Towers Dining,dinner,WRN-009,Cheese Pizza,vegetarian,190,60,130,0.316,False,
2026-04-09,Thursday,False,Warren Towers Dining,dinner,WRN-010,Vegan Margherita,"vegetarian,vegan",139,108,31,0.777,False,
2026-04-09,Thursday,False,Warren Towers Dining,dinner,WRN-011,Chicken Tenders,none,253,11,242,0.043,False,
2026-04-09,Thursday,False,Warren Towers Dining,dinner,WRN-012,Loaded Baked Potato,"vegetarian,gluten_free",190,136,54,0.716,False,
2026-04-09,Thursday,False,Warren Towers Dining,dinner,WRN-013,Ice Cream Bar,vegetarian,190,36,154,0.189,False,
2026-04-09,Thursday,False,West Campus Dining,breakfast,WST-001,Eggs Benedict,none,217,168,49,0.774,False,
2026-04-09,Thursday,False,West Campus Dining,breakfast,WST-002,Veggie Frittata,"vegetarian,gluten_free",163,126,37,0.773,False,
2026-04-09,Thursday,False,West Campus Dining,breakfast,WST-003,Halal Turkey Bacon,halal,141,117,24,0.83,False,
2026-04-09,Thursday,False,West Campus Dining,breakfast,WST-004,Avocado Toast,"vegetarian,vegan",119,65,54,0.546,False,
2026-04-09,Thursday,False,West Campus Dining,lunch,WST-005,Falafel Bowl,"vegetarian,vegan",157,143,14,0.911,False,
2026-04-09,Thursday,False,West Campus Dining,lunch,WST-006,Halal Shawarma Bowl,"halal,gluten_free",171,136,35,0.795,False,
2026-04-09,Thursday,False,West Campus Dining,lunch,WST-007,Brown Rice Buddha Bowl,"vegetarian,vegan,gluten_free",157,61,96,0.389,False,
2026-04-09,Thursday,False,West Campus Dining,lunch,WST-008,Classic Burger,none,286,169,117,0.591,False,
2026-04-09,Thursday,False,West Campus Dining,lunch,WST-009,Tomato Bisque,"vegetarian,vegan,gluten_free",157,82,75,0.522,False,
2026-04-09,Thursday,False,West Campus Dining,lunch,WST-011,Sweet Potato Fries,"vegetarian,vegan,gluten_free",157,106,51,0.675,False,
2026-04-09,Thursday,False,West Campus Dining,dinner,WST-005,Falafel Bowl,"vegetarian,vegan",113,40,73,0.354,False,
2026-04-09,Thursday,False,West Campus Dining,dinner,WST-006,Halal Shawarma Bowl,"halal,gluten_free",123,100,23,0.813,False,
2026-04-09,Thursday,False,West Campus Dining,dinner,WST-007,Brown Rice Buddha Bowl,"vegetarian,vegan,gluten_free",113,54,59,0.478,False,
2026-04-09,Thursday,False,West Campus Dining,dinner,WST-009,Tomato Bisque,"vegetarian,vegan,gluten_free",113,36,77,0.319,False,
2026-04-09,Thursday,False,West Campus Dining,dinner,WST-010,Grilled Salmon,gluten_free,144,83,61,0.576,False,
2026-04-09,Thursday,False,West Campus Dining,dinner,WST-011,Sweet Potato Fries,"vegetarian,vegan,gluten_free",113,89,24,0.788,False,
2026-04-09,Thursday,False,West Campus Dining,dinner,WST-012,Fruit Crumble,vegetarian,154,63,91,0.409,False,
2026-04-09,Thursday,False,Stuvi2 / towers,breakfast,STU-001,Breakfast Sandwich,none,248,211,37,0.851,False,
2026-04-09,Thursday,False,Stuvi2 / towers,breakfast,STU-002,Vegan Breakfast Wrap,"vegetarian,vegan",136,131,5,0.963,True,08:13
2026-04-09,Thursday,False,Stuvi2 / towers,breakfast,STU-003,Halal Omelette,halal,161,42,119,0.261,False,
2026-04-09,Thursday,False,Stuvi2 / towers,lunch,STU-004,Greek Salad,"vegetarian,gluten_free",188,62,126,0.33,False,
2026-04-09,Thursday,False,Stuvi2 / towers,lunch,STU-005,Halal Chicken Wrap,halal,163,91,72,0.558,False,
2026-04-09,Thursday,False,Stuvi2 / towers,lunch,STU-006,Hummus & Veggie Wrap,"vegetarian,vegan",138,79,59,0.572,False,
2026-04-09,Thursday,False,Stuvi2 / towers,lunch,STU-007,Pasta Primavera,"vegetarian,vegan",138,97,41,0.703,False,
2026-04-09,Thursday,False,Stuvi2 / towers,lunch,STU-010,Steamed Broccoli,"vegetarian,vegan,gluten_free",138,27,111,0.196,False,
2026-04-09,Thursday,False,Stuvi2 / towers,lunch,STU-011,Brownie,vegetarian,188,102,86,0.543,False,
2026-04-09,Thursday,False,Stuvi2 / towers,dinner,STU-007,Pasta Primavera,"vegetarian,vegan",133,65,68,0.489,False,
2026-04-09,Thursday,False,Stuvi2 / towers,dinner,STU-008,Halal Beef Stew,"halal,gluten_free",145,46,99,0.317,False,
2026-04-09,Thursday,False,Stuvi2 / towers,dinner,STU-009,Roasted Chicken Thigh,"halal,gluten_free",145,49,96,0.338,False,
2026-04-09,Thursday,False,Stuvi2 / towers,dinner,STU-010,Steamed Broccoli,"vegetarian,vegan,gluten_free",133,42,91,0.316,False,
2026-04-09,Thursday,False,Stuvi2 / towers,dinner,STU-011,Brownie,vegetarian,181,74,107,0.409,False,
2026-04-09,Thursday,False,Sargent Choice Café,breakfast,SAR-001,Acai Bowl,"vegetarian,vegan,gluten_free",141,52,89,0.369,False,
2026-04-09,Thursday,False,Sargent Choice Café,breakfast,SAR-002,Green Smoothie,"vegetarian,vegan,gluten_free",141,54,87,0.383,False,
2026-04-09,Thursday,False,Sargent Choice Café,breakfast,SAR-003,Chia Pudding,"vegetarian,vegan,gluten_free",141,103,38,0.73,False,
2026-04-09,Thursday,False,Sargent Choice Café,lunch,SAR-004,Quinoa Power Bowl,"vegetarian,vegan,gluten_free",201,100,101,0.498,False,
2026-04-09,Thursday,False,Sargent Choice Café,lunch,SAR-005,Grilled Chicken Salad,"halal,gluten_free",219,118,101,0.539,False,
2026-04-09,Thursday,False,Sargent Choice Café,lunch,SAR-006,Lentil & Kale Soup,"vegetarian,vegan,gluten_free",201,97,104,0.483,False,
2026-04-09,Thursday,False,Sargent Choice Café,lunch,SAR-007,Turkey Avocado Wrap,none,365,267,98,0.732,False,
2026-04-09,Thursday,False,Sargent Choice Café,dinner,SAR-006,Lentil & Kale Soup,"vegetarian,vegan,gluten_free",163,67,96,0.411,False,
2026-04-09,Thursday,False,Sargent Choice Café,dinner,SAR-008,Salmon & Quinoa Bowl,gluten_free,208,165,43,0.793,False,
2026-04-09,Thursday,False,Sargent Choice Café,dinner,SAR-009,Vegan Buddha Bowl,"vegetarian,vegan,gluten_free",163,80,83,0.491,False,
2026-04-09,Thursday,False,Sargent Choice Café,dinner,SAR-010,Halal Grilled Chicken Bowl,"halal,gluten_free",178,146,32,0.82,False,
2026-04-10,Friday,False,Marciano Commons,breakfast,MRC-001,Scrambled Eggs,"none,halal",334,166,168,0.497,False,
2026-04-10,Friday,False,Marciano Commons,breakfast,MRC-002,Veggie Omelette,vegetarian,251,45,206,0.179,False,
2026-04-10,Friday,False,Marciano Commons,breakfast,MRC-003,Turkey Sausage,halal,217,107,110,0.493,False,
2026-04-10,Friday,False,Marciano Commons,breakfast,MRC-004,Oatmeal Bar,"vegetarian,vegan",184,81,103,0.44,False,
2026-04-10,Friday,False,Marciano Commons,breakfast,MRC-005,Whole Wheat Toast,"vegetarian,vegan",184,78,106,0.424,False,
2026-04-10,Friday,False,Marciano Commons,breakfast,MRC-006,Blueberry Muffin,vegetarian,251,182,69,0.725,False,
2026-04-10,Friday,False,Marciano Commons,lunch,MRC-007,Grilled Chicken Wrap,halal,260,195,65,0.75,False,
2026-04-10,Friday,False,Marciano Commons,lunch,MRC-008,Beef Burger,none,400,203,197,0.507,False,
2026-04-10,Friday,False,Marciano Commons,lunch,MRC-009,Black Bean Burger,"vegetarian,vegan",220,135,85,0.614,False,
2026-04-10,Friday,False,Marciano Commons,lunch,MRC-010,Mixed Greens Bowl,"vegetarian,vegan,gluten_free",220,202,18,0.918,False,
2026-04-10,Friday,False,Marciano Commons,lunch,MRC-011,Chicken Tikka Masala,"halal,gluten_free",240,183,57,0.762,False,
2026-04-10,Friday,False,Marciano Commons,lunch,MRC-012,Dal Tadka,"vegetarian,vegan,gluten_free",220,213,7,0.968,True,15:56
2026-04-10,Friday,False,Marciano Commons,lunch,MRC-013,Penne Arrabiata,"vegetarian,vegan",220,120,100,0.545,False,
2026-04-10,Friday,False,Marciano Commons,lunch,MRC-014,Mac & Cheese,vegetarian,300,190,110,0.633,False,
2026-04-10,Friday,False,Marciano Commons,lunch,MRC-018,Chocolate Cake,vegetarian,300,294,6,0.98,True,14:05
2026-04-10,Friday,False,Marciano Commons,dinner,MRC-010,Mixed Greens Bowl,"vegetarian,vegan,gluten_free",203,148,55,0.729,False,
2026-04-10,Friday,False,Marciano Commons,dinner,MRC-011,Chicken Tikka Masala,"halal,gluten_free",222,211,11,0.95,True,20:31
2026-04-10,Friday,False,Marciano Commons,dinner,MRC-012,Dal Tadka,"vegetarian,vegan,gluten_free",203,156,47,0.768,False,
2026-04-10,Friday,False,Marciano Commons,dinner,MRC-013,Penne Arrabiata,"vegetarian,vegan",203,142,61,0.7,False,
2026-04-10,Friday,False,Marciano Commons,dinner,MRC-014,Mac & Cheese,vegetarian,277,140,137,0.505,False,
2026-04-10,Friday,False,Marciano Commons,dinner,MRC-015,Roast Chicken,"halal,gluten_free",222,105,117,0.473,False,
2026-04-10,Friday,False,Marciano Commons,dinner,MRC-016,Herb Roasted Salmon,gluten_free,259,77,182,0.297,False,
2026-04-10,Friday,False,Marciano Commons,dinner,MRC-017,Roasted Vegetables,"vegetarian,vegan,gluten_free",203,144,59,0.709,False,
2026-04-10,Friday,False,Marciano Commons,dinner,MRC-018,Chocolate Cake,vegetarian,277,226,51,0.816,False,
2026-04-10,Friday,False,Warren Towers Dining,breakfast,WRN-001,Pancakes,vegetarian,177,119,58,0.672,False,
2026-04-10,Friday,False,Warren Towers Dining,breakfast,WRN-002,Halal Chicken Sausage,halal,154,129,25,0.838,False,
2026-04-10,Friday,False,Warren Towers Dining,breakfast,WRN-003,Greek Yogurt Parfait,"vegetarian,gluten_free",177,96,81,0.542,False,
2026-04-10,Friday,False,Warren Towers Dining,breakfast,WRN-004,Granola Bowl,"vegetarian,vegan",130,94,36,0.723,False,
2026-04-10,Friday,False,Warren Towers Dining,lunch,WRN-005,Grilled Cheese,vegetarian,168,155,13,0.923,False,
2026-04-10,Friday,False,Warren Towers Dining,lunch,WRN-006,Halal Beef Patty Melt,halal,145,68,77,0.469,False,
2026-04-10,Friday,False,Warren Towers Dining,lunch,WRN-007,Tofu Stir Fry,"vegetarian,vegan,gluten_free",123,38,85,0.309,False,
2026-04-10,Friday,False,Warren Towers Dining,lunch,WRN-008,Lentil Soup,"vegetarian,vegan,gluten_free",123,103,20,0.837,False,
2026-04-10,Friday,False,Warren Towers Dining,lunch,WRN-009,Cheese Pizza,vegetarian,168,135,33,0.804,False,
2026-04-10,Friday,False,Warren Towers Dining,lunch,WRN-010,Vegan Margherita,"vegetarian,vegan",123,105,18,0.854,False,
2026-04-10,Friday,False,Warren Towers Dining,lunch,WRN-011,Chicken Tenders,none,224,205,19,0.915,False,
2026-04-10,Friday,False,Warren Towers Dining,lunch,WRN-012,Loaded Baked Potato,"vegetarian,gluten_free",168,28,140,0.167,False,
2026-04-10,Friday,False,Warren Towers Dining,dinner,WRN-007,Tofu Stir Fry,"vegetarian,vegan,gluten_free",116,76,40,0.655,False,
2026-04-10,Friday,False,Warren Towers Dining,dinner,WRN-008,Lentil Soup,"vegetarian,vegan,gluten_free",116,65,51,0.56,False,
2026-04-10,Friday,False,Warren Towers Dining,dinner,WRN-009,Cheese Pizza,vegetarian,159,89,70,0.56,False,
2026-04-10,Friday,False,Warren Towers Dining,dinner,WRN-010,Vegan Margherita,"vegetarian,vegan",116,88,28,0.759,False,
2026-04-10,Friday,False,Warren Towers Dining,dinner,WRN-011,Chicken Tenders,none,212,191,21,0.901,False,
2026-04-10,Friday,False,Warren Towers Dining,dinner,WRN-012,Loaded Baked Potato,"vegetarian,gluten_free",159,63,96,0.396,False,
2026-04-10,Friday,False,Warren Towers Dining,dinner,WRN-013,Ice Cream Bar,vegetarian,159,112,47,0.704,False,
2026-04-10,Friday,False,West Campus Dining,breakfast,WST-001,Eggs Benedict,none,207,63,144,0.304,False,
2026-04-10,Friday,False,West Campus Dining,breakfast,WST-002,Veggie Frittata,"vegetarian,gluten_free",155,62,93,0.4,False,
2026-04-10,Friday,False,West Campus Dining,breakfast,WST-003,Halal Turkey Bacon,halal,134,105,29,0.784,False,
2026-04-10,Friday,False,West Campus Dining,breakfast,WST-004,Avocado Toast,"vegetarian,vegan",114,26,88,0.228,False,
2026-04-10,Friday,False,West Campus Dining,lunch,WST-005,Falafel Bowl,"vegetarian,vegan",163,159,4,0.975,True,14:05
2026-04-10,Friday,False,West Campus Dining,lunch,WST-006,Halal Shawarma Bowl,"halal,gluten_free",178,120,58,0.674,False,
2026-04-10,Friday,False,West Campus Dining,lunch,WST-007,Brown Rice Buddha Bowl,"vegetarian,vegan,gluten_free",163,135,28,0.828,False,
2026-04-10,Friday,False,West Campus Dining,lunch,WST-008,Classic Burger,none,297,176,121,0.593,False,
2026-04-10,Friday,False,West Campus Dining,lunch,WST-009,Tomato Bisque,"vegetarian,vegan,gluten_free",163,100,63,0.613,False,
2026-04-10,Friday,False,West Campus Dining,lunch,WST-011,Sweet Potato Fries,"vegetarian,vegan,gluten_free",163,39,124,0.239,False,
2026-04-10,Friday,False,West Campus Dining,dinner,WST-005,Falafel Bowl,"vegetarian,vegan",128,23,105,0.18,False,
2026-04-10,Friday,False,West Campus Dining,dinner,WST-007,Brown Rice Buddha Bowl,"vegetarian,vegan,gluten_free",128,103,25,0.805,False,
2026-04-10,Friday,False,West Campus Dining,dinner,WST-009,Tomato Bisque,"vegetarian,vegan,gluten_free",128,74,54,0.578,False,
2026-04-10,Friday,False,West Campus Dining,dinner,WST-010,Grilled Salmon,gluten_free,163,119,44,0.73,False,
2026-04-10,Friday,False,West Campus Dining,dinner,WST-011,Sweet Potato Fries,"vegetarian,vegan,gluten_free",128,65,63,0.508,False,
2026-04-10,Friday,False,West Campus Dining,dinner,WST-012,Fruit Crumble,vegetarian,175,112,63,0.64,False,
2026-04-10,Friday,False,Stuvi2 / towers,breakfast,STU-001,Breakfast Sandwich,none,240,187,53,0.779,False,
2026-04-10,Friday,False,Stuvi2 / towers,breakfast,STU-002,Vegan Breakfast Wrap,"vegetarian,vegan",132,54,78,0.409,False,
2026-04-10,Friday,False,Stuvi2 / towers,breakfast,STU-003,Halal Omelette,halal,156,119,37,0.763,False,
2026-04-10,Friday,False,Stuvi2 / towers,lunch,STU-004,Greek Salad,"vegetarian,gluten_free",192,103,89,0.536,False,
2026-04-10,Friday,False,Stuvi2 / towers,lunch,STU-005,Halal Chicken Wrap,halal,167,85,82,0.509,False,
2026-04-10,Friday,False,Stuvi2 / towers,lunch,STU-006,Hummus & Veggie Wrap,"vegetarian,vegan",141,48,93,0.34,False,
2026-04-10,Friday,False,Stuvi2 / towers,lunch,STU-007,Pasta Primavera,"vegetarian,vegan",141,73,68,0.518,False,
2026-04-10,Friday,False,Stuvi2 / towers,lunch,STU-010,Steamed Broccoli,"vegetarian,vegan,gluten_free",141,45,96,0.319,False,
2026-04-10,Friday,False,Stuvi2 / towers,lunch,STU-011,Brownie,vegetarian,192,132,60,0.688,False,
2026-04-10,Friday,False,Stuvi2 / towers,dinner,STU-007,Pasta Primavera,"vegetarian,vegan",135,82,53,0.607,False,
2026-04-10,Friday,False,Stuvi2 / towers,dinner,STU-008,Halal Beef Stew,"halal,gluten_free",147,129,18,0.878,False,
2026-04-10,Friday,False,Stuvi2 / towers,dinner,STU-009,Roasted Chicken Thigh,"halal,gluten_free",147,112,35,0.762,False,
2026-04-10,Friday,False,Stuvi2 / towers,dinner,STU-010,Steamed Broccoli,"vegetarian,vegan,gluten_free",135,74,61,0.548,False,
2026-04-10,Friday,False,Stuvi2 / towers,dinner,STU-011,Brownie,vegetarian,184,98,86,0.533,False,
2026-04-10,Friday,False,Sargent Choice Café,breakfast,SAR-002,Green Smoothie,"vegetarian,vegan,gluten_free",211,96,115,0.455,False,
2026-04-10,Friday,False,Sargent Choice Café,breakfast,SAR-003,Chia Pudding,"vegetarian,vegan,gluten_free",211,95,116,0.45,False,
2026-04-10,Friday,False,Sargent Choice Café,lunch,SAR-004,Quinoa Power Bowl,"vegetarian,vegan,gluten_free",197,92,105,0.467,False,
2026-04-10,Friday,False,Sargent Choice Café,lunch,SAR-005,Grilled Chicken Salad,"halal,gluten_free",215,56,159,0.26,False,
2026-04-10,Friday,False,Sargent Choice Café,lunch,SAR-006,Lentil & Kale Soup,"vegetarian,vegan,gluten_free",197,107,90,0.543,False,
2026-04-10,Friday,False,Sargent Choice Café,lunch,SAR-007,Turkey Avocado Wrap,none,358,280,78,0.782,False,
2026-04-10,Friday,False,Sargent Choice Café,dinner,SAR-010,Halal Grilled Chicken Bowl,"halal,gluten_free",736,582,154,0.791,False,
2026-04-11,Saturday,True,Marciano Commons,breakfast,MRC-001,Scrambled Eggs,"none,halal",206,98,108,0.476,False,
2026-04-11,Saturday,True,Marciano Commons,breakfast,MRC-002,Veggie Omelette,vegetarian,154,103,51,0.669,False,
2026-04-11,Saturday,True,Marciano Commons,breakfast,MRC-003,Turkey Sausage,halal,133,73,60,0.549,False,
2026-04-11,Saturday,True,Marciano Commons,breakfast,MRC-005,Whole Wheat Toast,"vegetarian,vegan",112,50,62,0.446,False,
2026-04-11,Saturday,True,Marciano Commons,breakfast,MRC-006,Blueberry Muffin,vegetarian,154,104,50,0.675,False,
2026-04-11,Saturday,True,Marciano Commons,lunch,MRC-007,Grilled Chicken Wrap,halal,191,37,154,0.194,False,
2026-04-11,Saturday,True,Marciano Commons,lunch,MRC-008,Beef Burger,none,294,139,155,0.473,False,
2026-04-11,Saturday,True,Marciano Commons,lunch,MRC-009,Black Bean Burger,"vegetarian,vegan",161,125,36,0.776,False,
2026-04-11,Saturday,True,Marciano Commons,lunch,MRC-011,Chicken Tikka Masala,"halal,gluten_free",176,151,25,0.858,False,
2026-04-11,Saturday,True,Marciano Commons,lunch,MRC-013,Penne Arrabiata,"vegetarian,vegan",161,47,114,0.292,False,
2026-04-11,Saturday,True,Marciano Commons,lunch,MRC-014,Mac & Cheese,vegetarian,220,217,3,0.986,True,14:19
2026-04-11,Saturday,True,Marciano Commons,lunch,MRC-018,Chocolate Cake,vegetarian,220,108,112,0.491,False,
2026-04-11,Saturday,True,Marciano Commons,dinner,MRC-010,Mixed Greens Bowl,"vegetarian,vegan,gluten_free",216,29,187,0.134,False,
2026-04-11,Saturday,True,Marciano Commons,dinner,MRC-012,Dal Tadka,"vegetarian,vegan,gluten_free",216,129,87,0.597,False,
2026-04-11,Saturday,True,Marciano Commons,dinner,MRC-014,Mac & Cheese,vegetarian,294,59,235,0.201,False,
2026-04-11,Saturday,True,Marciano Commons,dinner,MRC-015,Roast Chicken,"halal,gluten_free",235,167,68,0.711,False,
2026-04-11,Saturday,True,Marciano Commons,dinner,MRC-016,Herb Roasted Salmon,gluten_free,275,147,128,0.535,False,
2026-04-11,Saturday,True,Marciano Commons,dinner,MRC-017,Roasted Vegetables,"vegetarian,vegan,gluten_free",216,133,83,0.616,False,
2026-04-11,Saturday,True,Warren Towers Dining,breakfast,WRN-001,Pancakes,vegetarian,105,61,44,0.581,False,
2026-04-11,Saturday,True,Warren Towers Dining,breakfast,WRN-003,Greek Yogurt Parfait,"vegetarian,gluten_free",105,73,32,0.695,False,
2026-04-11,Saturday,True,Warren Towers Dining,breakfast,WRN-004,Granola Bowl,"vegetarian,vegan",77,46,31,0.597,False,
2026-04-11,Saturday,True,Warren Towers Dining,lunch,WRN-008,Lentil Soup,"vegetarian,vegan,gluten_free",118,109,9,0.924,False,
2026-04-11,Saturday,True,Warren Towers Dining,lunch,WRN-009,Cheese Pizza,vegetarian,160,77,83,0.481,False,
2026-04-11,Saturday,True,Warren Towers Dining,lunch,WRN-010,Vegan Margherita,"vegetarian,vegan",118,78,40,0.661,False,
2026-04-11,Saturday,True,Warren Towers Dining,lunch,WRN-011,Chicken Tenders,none,215,111,104,0.516,False,
2026-04-11,Saturday,True,Warren Towers Dining,lunch,WRN-012,Loaded Baked Potato,"vegetarian,gluten_free",160,123,37,0.769,False,
2026-04-11,Saturday,True,Warren Towers Dining,dinner,WRN-008,Lentil Soup,"vegetarian,vegan,gluten_free",101,82,19,0.812,False,
2026-04-11,Saturday,True,Warren Towers Dining,dinner,WRN-009,Cheese Pizza,vegetarian,138,137,1,0.993,True,20:52
2026-04-11,Saturday,True,Warren Towers Dining,dinner,WRN-010,Vegan Margherita,"vegetarian,vegan",101,66,35,0.653,False,
2026-04-11,Saturday,True,Warren Towers Dining,dinner,WRN-011,Chicken Tenders,none,184,63,121,0.342,False,
2026-04-11,Saturday,True,Warren Towers Dining,dinner,WRN-012,Loaded Baked Potato,"vegetarian,gluten_free",138,68,70,0.493,False,
2026-04-11,Saturday,True,Warren Towers Dining,dinner,WRN-013,Ice Cream Bar,vegetarian,138,109,29,0.79,False,
2026-04-11,Saturday,True,West Campus Dining,breakfast,WST-002,Veggie Frittata,"vegetarian,gluten_free",100,82,18,0.82,False,
2026-04-11,Saturday,True,West Campus Dining,breakfast,WST-003,Halal Turkey Bacon,halal,86,32,54,0.372,False,
2026-04-11,Saturday,True,West Campus Dining,breakfast,WST-004,Avocado Toast,"vegetarian,vegan",73,50,23,0.685,False,
2026-04-11,Saturday,True,West Campus Dining,lunch,WST-007,Brown Rice Buddha Bowl,"vegetarian,vegan,gluten_free",132,20,112,0.152,False,
2026-04-11,Saturday,True,West Campus Dining,lunch,WST-008,Classic Burger,none,240,223,17,0.929,True,14:32
2026-04-11,Saturday,True,West Campus Dining,lunch,WST-009,Tomato Bisque,"vegetarian,vegan,gluten_free",132,98,34,0.742,False,
2026-04-11,Saturday,True,West Campus Dining,lunch,WST-011,Sweet Potato Fries,"vegetarian,vegan,gluten_free",132,101,31,0.765,False,
2026-04-11,Saturday,True,West Campus Dining,dinner,WST-005,Falafel Bowl,"vegetarian,vegan",96,68,28,0.708,False,
2026-04-11,Saturday,True,West Campus Dining,dinner,WST-006,Halal Shawarma Bowl,"halal,gluten_free",104,74,30,0.712,False,
2026-04-11,Saturday,True,West Campus Dining,dinner,WST-007,Brown Rice Buddha Bowl,"vegetarian,vegan,gluten_free",96,87,9,0.906,False,
2026-04-11,Saturday,True,West Campus Dining,dinner,WST-009,Tomato Bisque,"vegetarian,vegan,gluten_free",96,91,5,0.948,True,19:26
2026-04-11,Saturday,True,West Campus Dining,dinner,WST-010,Grilled Salmon,gluten_free,121,60,61,0.496,False,
2026-04-11,Saturday,True,West Campus Dining,dinner,WST-011,Sweet Potato Fries,"vegetarian,vegan,gluten_free",96,85,11,0.885,False,
2026-04-11,Saturday,True,Stuvi2 / towers,breakfast,STU-001,Breakfast Sandwich,none,117,58,59,0.496,False,
2026-04-11,Saturday,True,Stuvi2 / towers,breakfast,STU-002,Vegan Breakfast Wrap,"vegetarian,vegan",64,56,8,0.875,False,
2026-04-11,Saturday,True,Stuvi2 / towers,breakfast,STU-003,Halal Omelette,halal,76,72,4,0.947,True,09:31
2026-04-11,Saturday,True,Stuvi2 / towers,lunch,STU-004,Greek Salad,"vegetarian,gluten_free",108,35,73,0.324,False,
2026-04-11,Saturday,True,Stuvi2 / towers,lunch,STU-005,Halal Chicken Wrap,halal,93,14,79,0.151,False,
2026-04-11,Saturday,True,Stuvi2 / towers,lunch,STU-006,Hummus & Veggie Wrap,"vegetarian,vegan",79,30,49,0.38,False,
2026-04-11,Saturday,True,Stuvi2 / towers,lunch,STU-007,Pasta Primavera,"vegetarian,vegan",79,7,72,0.089,False,
2026-04-11,Saturday,True,Stuvi2 / towers,lunch,STU-010,Steamed Broccoli,"vegetarian,vegan,gluten_free",79,52,27,0.658,False,
2026-04-11,Saturday,True,Stuvi2 / towers,lunch,STU-011,Brownie,vegetarian,108,66,42,0.611,False,
2026-04-11,Saturday,True,Stuvi2 / towers,dinner,STU-007,Pasta Primavera,"vegetarian,vegan",96,78,18,0.812,False,
2026-04-11,Saturday,True,Stuvi2 / towers,dinner,STU-008,Halal Beef Stew,"halal,gluten_free",105,80,25,0.762,False,
2026-04-11,Saturday,True,Stuvi2 / towers,dinner,STU-009,Roasted Chicken Thigh,"halal,gluten_free",105,32,73,0.305,False,
2026-04-11,Saturday,True,Stuvi2 / towers,dinner,STU-010,Steamed Broccoli,"vegetarian,vegan,gluten_free",96,41,55,0.427,False,
2026-04-11,Saturday,True,Stuvi2 / towers,dinner,STU-011,Brownie,vegetarian,132,58,74,0.439,False,
2026-04-11,Saturday,True,Sargent Choice Café,breakfast,SAR-001,Acai Bowl,"vegetarian,vegan,gluten_free",68,26,42,0.382,False,
2026-04-11,Saturday,True,Sargent Choice Café,breakfast,SAR-002,Green Smoothie,"vegetarian,vegan,gluten_free",68,41,27,0.603,False,
2026-04-11,Saturday,True,Sargent Choice Café,breakfast,SAR-003,Chia Pudding,"vegetarian,vegan,gluten_free",68,52,16,0.765,False,
2026-04-11,Saturday,True,Sargent Choice Café,lunch,SAR-004,Quinoa Power Bowl,"vegetarian,vegan,gluten_free",110,48,62,0.436,False,
2026-04-11,Saturday,True,Sargent Choice Café,lunch,SAR-005,Grilled Chicken Salad,"halal,gluten_free",120,59,61,0.492,False,
2026-04-11,Saturday,True,Sargent Choice Café,lunch,SAR-006,Lentil & Kale Soup,"vegetarian,vegan,gluten_free",110,104,6,0.945,True,15:41
2026-04-11,Saturday,True,Sargent Choice Café,lunch,SAR-007,Turkey Avocado Wrap,none,200,159,41,0.795,False,
2026-04-11,Saturday,True,Sargent Choice Café,dinner,SAR-006,Lentil & Kale Soup,"vegetarian,vegan,gluten_free",160,106,54,0.662,False,
2026-04-11,Saturday,True,Sargent Choice Café,dinner,SAR-008,Salmon & Quinoa Bowl,gluten_free,204,154,50,0.755,False,
2026-04-11,Saturday,True,Sargent Choice Café,dinner,SAR-009,Vegan Buddha Bowl,"vegetarian,vegan,gluten_free",160,113,47,0.706,False,
2026-04-12,Sunday,True,Marciano Commons,breakfast,MRC-002,Veggie Omelette,vegetarian,248,246,2,0.992,True,09:41
2026-04-12,Sunday,True,Marciano Commons,breakfast,MRC-004,Oatmeal Bar,"vegetarian,vegan",181,97,84,0.536,False,
2026-04-12,Sunday,True,Marciano Commons,breakfast,MRC-005,Whole Wheat Toast,"vegetarian,vegan",181,99,82,0.547,False,
2026-04-12,Sunday,True,Marciano Commons,lunch,MRC-007,Grilled Chicken Wrap,halal,220,188,32,0.855,False,
2026-04-12,Sunday,True,Marciano Commons,lunch,MRC-008,Beef Burger,none,338,222,116,0.657,False,
2026-04-12,Sunday,True,Marciano Commons,lunch,MRC-010,Mixed Greens Bowl,"vegetarian,vegan,gluten_free",186,100,86,0.538,False,
2026-04-12,Sunday,True,Marciano Commons,lunch,MRC-011,Chicken Tikka Masala,"halal,gluten_free",203,134,69,0.66,False,
2026-04-12,Sunday,True,Marciano Commons,lunch,MRC-012,Dal Tadka,"vegetarian,vegan,gluten_free",186,158,28,0.849,False,
2026-04-12,Sunday,True,Marciano Commons,lunch,MRC-014,Mac & Cheese,vegetarian,253,149,104,0.589,False,
2026-04-12,Sunday,True,Marciano Commons,dinner,MRC-010,Mixed Greens Bowl,"vegetarian,vegan,gluten_free",148,106,42,0.716,False,
2026-04-12,Sunday,True,Marciano Commons,dinner,MRC-011,Chicken Tikka Masala,"halal,gluten_free",160,141,19,0.881,False,
2026-04-12,Sunday,True,Marciano Commons,dinner,MRC-012,Dal Tadka,"vegetarian,vegan,gluten_free",148,97,51,0.655,False,
2026-04-12,Sunday,True,Marciano Commons,dinner,MRC-013,Penne Arrabiata,"vegetarian,vegan",148,123,25,0.831,False,
2026-04-12,Sunday,True,Marciano Commons,dinner,MRC-014,Mac & Cheese,vegetarian,201,158,43,0.786,False,
2026-04-12,Sunday,True,Marciano Commons,dinner,MRC-015,Roast Chicken,"halal,gluten_free",160,114,46,0.713,False,
2026-04-12,Sunday,True,Marciano Commons,dinner,MRC-016,Herb Roasted Salmon,gluten_free,188,94,94,0.5,False,
2026-04-12,Sunday,True,Marciano Commons,dinner,MRC-017,Roasted Vegetables,"vegetarian,vegan,gluten_free",148,52,96,0.351,False,
2026-04-12,Sunday,True,Marciano Commons,dinner,MRC-018,Chocolate Cake,vegetarian,201,76,125,0.378,False,
2026-04-12,Sunday,True,Warren Towers Dining,breakfast,WRN-002,Halal Chicken Sausage,halal,143,84,59,0.587,False,
2026-04-12,Sunday,True,Warren Towers Dining,breakfast,WRN-003,Greek Yogurt Parfait,"vegetarian,gluten_free",165,99,66,0.6,False,
2026-04-12,Sunday,True,Warren Towers Dining,lunch,WRN-006,Halal Beef Patty Melt,halal,116,27,89,0.233,False,
2026-04-12,Sunday,True,Warren Towers Dining,lunch,WRN-007,Tofu Stir Fry,"vegetarian,vegan,gluten_free",99,70,29,0.707,False,
2026-04-12,Sunday,True,Warren Towers Dining,lunch,WRN-008,Lentil Soup,"vegetarian,vegan,gluten_free",99,53,46,0.535,False,
2026-04-12,Sunday,True,Warren Towers Dining,lunch,WRN-009,Cheese Pizza,vegetarian,135,50,85,0.37,False,
2026-04-12,Sunday,True,Warren Towers Dining,lunch,WRN-010,Vegan Margherita,"vegetarian,vegan",99,86,13,0.869,False,
2026-04-12,Sunday,True,Warren Towers Dining,lunch,WRN-012,Loaded Baked Potato,"vegetarian,gluten_free",135,66,69,0.489,False,
2026-04-12,Sunday,True,Warren Towers Dining,dinner,WRN-007,Tofu Stir Fry,"vegetarian,vegan,gluten_free",146,113,33,0.774,False,
2026-04-12,Sunday,True,Warren Towers Dining,dinner,WRN-009,Cheese Pizza,vegetarian,200,106,94,0.53,False,
2026-04-12,Sunday,True,Warren Towers Dining,dinner,WRN-010,Vegan Margherita,"vegetarian,vegan",146,35,111,0.24,False,
2026-04-12,Sunday,True,Warren Towers Dining,dinner,WRN-011,Chicken Tenders,none,266,196,70,0.737,False,
2026-04-12,Sunday,True,West Campus Dining,breakfast,WST-001,Eggs Benedict,none,138,67,71,0.486,False,
2026-04-12,Sunday,True,West Campus Dining,breakfast,WST-003,Halal Turkey Bacon,halal,89,42,47,0.472,False,
2026-04-12,Sunday,True,West Campus Dining,breakfast,WST-004,Avocado Toast,"vegetarian,vegan",76,26,50,0.342,False,
2026-04-12,Sunday,True,West Campus Dining,lunch,WST-005,Falafel Bowl,"vegetarian,vegan",115,96,19,0.835,False,
2026-04-12,Sunday,True,West Campus Dining,lunch,WST-006,Halal Shawarma Bowl,"halal,gluten_free",125,52,73,0.416,False,
2026-04-12,Sunday,True,West Campus Dining,lunch,WST-007,Brown Rice Buddha Bowl,"vegetarian,vegan,gluten_free",115,85,30,0.739,False,
2026-04-12,Sunday,True,West Campus Dining,lunch,WST-009,Tomato Bisque,"vegetarian,vegan,gluten_free",115,95,20,0.826,False,
2026-04-12,Sunday,True,West Campus Dining,lunch,WST-011,Sweet Potato Fries,"vegetarian,vegan,gluten_free",115,84,31,0.73,False,
2026-04-12,Sunday,True,West Campus Dining,dinner,WST-005,Falafel Bowl,"vegetarian,vegan",94,88,6,0.936,True,20:59
2026-04-12,Sunday,True,West Campus Dining,dinner,WST-006,Halal Shawarma Bowl,"halal,gluten_free",103,74,29,0.718,False,
2026-04-12,Sunday,True,West Campus Dining,dinner,WST-007,Brown Rice Buddha Bowl,"vegetarian,vegan,gluten_free",94,51,43,0.543,False,
2026-04-12,Sunday,True,West Campus Dining,dinner,WST-009,Tomato Bisque,"vegetarian,vegan,gluten_free",94,63,31,0.67,False,
2026-04-12,Sunday,True,West Campus Dining,dinner,WST-011,Sweet Potato Fries,"vegetarian,vegan,gluten_free",94,47,47,0.5,False,
2026-04-12,Sunday,True,West Campus Dining,dinner,WST-012,Fruit Crumble,vegetarian,129,80,49,0.62,False,
2026-04-12,Sunday,True,Stuvi2 / towers,breakfast,STU-001,Breakfast Sandwich,none,129,126,3,0.977,True,09:10
2026-04-12,Sunday,True,Stuvi2 / towers,breakfast,STU-002,Vegan Breakfast Wrap,"vegetarian,vegan",71,54,17,0.761,False,
2026-04-12,Sunday,True,Stuvi2 / towers,breakfast,STU-003,Halal Omelette,halal,84,60,24,0.714,False,
2026-04-12,Sunday,True,Stuvi2 / towers,lunch,STU-004,Greek Salad,"vegetarian,gluten_free",104,53,51,0.51,False,
2026-04-12,Sunday,True,Stuvi2 / towers,lunch,STU-005,Halal Chicken Wrap,halal,91,36,55,0.396,False,
2026-04-12,Sunday,True,Stuvi2 / towers,lunch,STU-006,Hummus & Veggie Wrap,"vegetarian,vegan",76,63,13,0.829,False,
2026-04-12,Sunday,True,Stuvi2 / towers,lunch,STU-007,Pasta Primavera,"vegetarian,vegan",76,17,59,0.224,False,
2026-04-12,Sunday,True,Stuvi2 / towers,lunch,STU-010,Steamed Broccoli,"vegetarian,vegan,gluten_free",76,49,27,0.645,False,
2026-04-12,Sunday,True,Stuvi2 / towers,lunch,STU-011,Brownie,vegetarian,104,95,9,0.913,False,
2026-04-12,Sunday,True,Stuvi2 / towers,dinner,STU-007,Pasta Primavera,"vegetarian,vegan",122,76,46,0.623,False,
2026-04-12,Sunday,True,Stuvi2 / towers,dinner,STU-008,Halal Beef Stew,"halal,gluten_free",133,30,103,0.226,False,
2026-04-12,Sunday,True,Stuvi2 / towers,dinner,STU-009,Roasted Chicken Thigh,"halal,gluten_free",133,99,34,0.744,False,
2026-04-12,Sunday,True,Stuvi2 / towers,dinner,STU-011,Brownie,vegetarian,167,146,21,0.874,False,
2026-04-12,Sunday,True,Sargent Choice Café,breakfast,SAR-001,Acai Bowl,"vegetarian,vegan,gluten_free",92,46,46,0.5,False,
2026-04-12,Sunday,True,Sargent Choice Café,breakfast,SAR-002,Green Smoothie,"vegetarian,vegan,gluten_free",92,58,34,0.63,False,
2026-04-12,Sunday,True,Sargent Choice Café,lunch,SAR-004,Quinoa Power Bowl,"vegetarian,vegan,gluten_free",229,162,67,0.707,False,
2026-04-12,Sunday,True,Sargent Choice Café,lunch,SAR-007,Turkey Avocado Wrap,none,417,57,360,0.137,False,
2026-04-12,Sunday,True,Sargent Choice Café,dinner,SAR-006,Lentil & Kale Soup,"vegetarian,vegan,gluten_free",160,66,94,0.412,False,
2026-04-12,Sunday,True,Sargent Choice Café,dinner,SAR-008,Salmon & Quinoa Bowl,gluten_free,204,113,91,0.554,False,
2026-04-12,Sunday,True,Sargent Choice Café,dinner,SAR-009,Vegan Buddha Bowl,"vegetarian,vegan,gluten_free",160,55,105,0.344,False,
